B,H
B1,H1
B2,H1
B3,H1
B4,H1
B5,H1
B6,H1
B7,H1
B8,H1
B9,H1
B10,H1
B11,H1
B12,H1
B13,H1
B14,H1
B15,H1
B16,H1
B17,H1
B18,H1
B19,H1
B20,H1
B21,H1
B22,H1
B23,H1
B24,H1
B25,H1
B26,H1
B27,H1
B28,H1
B29,H1
B30,H1
B31,H1
B32,H1
B33,H1
B34,H1
B35,H1
B36,H1
B37,H1
B38,H1
B39,H1
B40,H1
B41,H1
B42,H1
B43,H1
B44,H1
B45,H1
B46,H1
B47,H1
B48,H1
B49,H1
B50,H1
B51,H1
B52,H1
B53,H1
B54,H1
B55,H1
B56,H1
B57,H1
B58,H1
B59,H1
B60,H1
B61,H1
B62,H1
B63,H1
B64,H1
B65,H1
B66,H1
B67,H1
B68,H1
B69,H1
B70,H1
B71,H1
B72,H1
B73,H1
B74,H1
B75,H1
B76,H1
B77,H1
B78,H1
B79,H1
B80,H1
B81,H1
B82,H1
B83,H1
B84,H1
B85,H1
B86,H1
B87,H1
B88,H1
B89,H1
B90,H1
B91,H1
B92,H1
B93,H1
B94,H1
B95,H1
B96,H1
B97,H2
B98,H2
B99,H2
B100,H2
B101,H2
B102,H2
B103,H2
B104,H2
B105,H2
B106,H2
B107,H2
B108,H2
B109,H2
B110,H2
B111,H2
B112,H2
B113,H2
B114,H2
B115,H2
B116,H2
B117,H2
B118,H2
B119,H2
B120,H2
B121,H2
B122,H2
B123,H2
B124,H2
B125,H2
B126,H2
B127,H2
B128,H2
B129,H2
B130,H2
B131,H2
B132,H2
B133,H2
B134,H2
B135,H2
B136,H2
B137,H2
B138,H2
B139,H2
B140,H2
B141,H2
B142,H2
B143,H2
B144,H2
B145,H2
B146,H2
B147,H2
B148,H2
B149,H2
B150,H2
B151,H2
B152,H2
B153,H2
B154,H2
B155,H2
B156,H2
B157,H2
B158,H2
B159,H2
B160,H2
B161,H2
B162,H2
B163,H2
B164,H2
B165,H2
B166,H2
B167,H2
B168,H2
B169,H2
B170,H2
B171,H2
B172,H2
B173,H2
B174,H2
B175,H2
B176,H2
B177,H2
B178,H2
B179,H2
B180,H2
B181,H2
B182,H2
B183,H2
B184,H2
B185,H2
B186,H2
B187,H2
B188,H2
B189,H2
B190,H2
B191,H2
B192,H2
B193,H3
B194,H3
B195,H3
B196,H3
B197,H3
B198,H3
B199,H3
B200,H3
B201,H3
B202,H3
B203,H3
B204,H3
B205,H3
B206,H3
B207,H3
B208,H3
B209,H3
B210,H3
B211,H3
B212,H3
B213,H3
B214,H3
B215,H3
B216,H3
B217,H3
B218,H3
B219,H3
B220,H3
B221,H3
B222,H3
B223,H3
B224,H3
B225,H3
B226,H3
B227,H3
B228,H3
B229,H3
B230,H3
B231,H3
B232,H3
B233,H3
B234,H3
B235,H3
B236,H3
B237,H3
B238,H3
B239,H3
B240,H3
B241,H3
B242,H3
B243,H3
B244,H3
B245,H3
B246,H3
B247,H3
B248,H3
B249,H3
B250,H3
B251,H3
B252,H3
B253,H3
B254,H3
B255,H3
B256,H3
B257,H3
B258,H3
B259,H3
B260,H3
B261,H3
B262,H3
B263,H3
B264,H3
B265,H3
B266,H3
B267,H3
B268,H3
B269,H3
B270,H3
B271,H3
B272,H3
B273,H3
B274,H3
B275,H3
B276,H3
B277,H3
B278,H3
B279,H3
B280,H3
B281,H3
B282,H3
B283,H3
B284,H3
B285,H3
B286,H3
B287,H3
B288,H3
B289,H4
B290,H4
B291,H4
B292,H4
B293,H4
B294,H4
B295,H4
B296,H4
B297,H4
B298,H4
B299,H4
B300,H4
B301,H4
B302,H4
B303,H4
B304,H4
B305,H4
B306,H4
B307,H4
B308,H4
B309,H4
B310,H4
B311,H4
B312,H4
B313,H4
B314,H4
B315,H4
B316,H4
B317,H4
B318,H4
B319,H4
B320,H4
B321,H4
B322,H4
B323,H4
B324,H4
B325,H4
B326,H4
B327,H4
B328,H4
B329,H4
B330,H4
B331,H4
B332,H4
B333,H4
B334,H4
B335,H4
B336,H4
B337,H4
B338,H4
B339,H4
B340,H4
B341,H4
B342,H4
B343,H4
B344,H4
B345,H4
B346,H4
B347,H4
B348,H4
B349,H4
B350,H4
B351,H4
B352,H4
B353,H4
B354,H4
B355,H4
B356,H4
B357,H4
B358,H4
B359,H4
B360,H4
B361,H4
B362,H4
B363,H4
B364,H4
B365,H4
B366,H4
B367,H4
B368,H4
B369,H4
B370,H4
B371,H4
B372,H4
B373,H4
B374,H4
B375,H4
B376,H4
B377,H4
B378,H4
B379,H4
B380,H4
B381,H4
B382,H4
B383,H4
B384,H4
B385,H5
B386,H5
B387,H5
B388,H5
B389,H5
B390,H5
B391,H5
B392,H5
B393,H5
B394,H5
B395,H5
B396,H5
B397,H5
B398,H5
B399,H5
B400,H5
B401,H5
B402,H5
B403,H5
B404,H5
B405,H5
B406,H5
B407,H5
B408,H5
B409,H5
B410,H5
B411,H5
B412,H5
B413,H5
B414,H5
B415,H5
B416,H5
B417,H5
B418,H5
B419,H5
B420,H5
B421,H5
B422,H5
B423,H5
B424,H5
B425,H5
B426,H5
B427,H5
B428,H5
B429,H5
B430,H5
B431,H5
B432,H5
B433,H5
B434,H5
B435,H5
B436,H5
B437,H5
B438,H5
B439,H5
B440,H5
B441,H5
B442,H5
B443,H5
B444,H5
B445,H5
B446,H5
B447,H5
B448,H5
B449,H5
B450,H5
B451,H5
B452,H5
B453,H5
B454,H5
B455,H5
B456,H5
B457,H5
B458,H5
B459,H5
B460,H5
B461,H5
B462,H5
B463,H5
B464,H5
B465,H5
B466,H5
B467,H5
B468,H5
B469,H5
B470,H5
B471,H5
B472,H5
B473,H5
B474,H5
B475,H5
B476,H5
B477,H5
B478,H5
B479,H5
B480,H5
B481,H6
B482,H6
B483,H6
B484,H6
B485,H6
B486,H6
B487,H6
B488,H6
B489,H6
B490,H6
B491,H6
B492,H6
B493,H6
B494,H6
B495,H6
B496,H6
B497,H6
B498,H6
B499,H6
B500,H6
B501,H6
B502,H6
B503,H6
B504,H6
B505,H6
B506,H6
B507,H6
B508,H6
B509,H6
B510,H6
B511,H6
B512,H6
B513,H6
B514,H6
B515,H6
B516,H6
B517,H6
B518,H6
B519,H6
B520,H6
B521,H6
B522,H6
B523,H6
B524,H6
B525,H6
B526,H6
B527,H6
B528,H6
B529,H6
B530,H6
B531,H6
B532,H6
B533,H6
B534,H6
B535,H6
B536,H6
B537,H6
B538,H6
B539,H6
B540,H6
B541,H6
B542,H6
B543,H6
B544,H6
B545,H6
B546,H6
B547,H6
B548,H6
B549,H6
B550,H6
B551,H6
B552,H6
B553,H6
B554,H6
B555,H6
B556,H6
B557,H6
B558,H6
B559,H6
B560,H6
B561,H6
B562,H6
B563,H6
B564,H6
B565,H6
B566,H6
B567,H6
B568,H6
B569,H6
B570,H6
B571,H6
B572,H6
B573,H6
B574,H6
B575,H6
B576,H6
B577,H7
B578,H7
B579,H7
B580,H7
B581,H7
B582,H7
B583,H7
B584,H7
B585,H7
B586,H7
B587,H7
B588,H7
B589,H7
B590,H7
B591,H7
B592,H7
B593,H7
B594,H7
B595,H7
B596,H7
B597,H7
B598,H7
B599,H7
B600,H7
B601,H7
B602,H7
B603,H7
B604,H7
B605,H7
B606,H7
B607,H7
B608,H7
B609,H7
B610,H7
B611,H7
B612,H7
B613,H7
B614,H7
B615,H7
B616,H7
B617,H7
B618,H7
B619,H7
B620,H7
B621,H7
B622,H7
B623,H7
B624,H7
B625,H7
B626,H7
B627,H7
B628,H7
B629,H7
B630,H7
B631,H7
B632,H7
B633,H7
B634,H7
B635,H7
B636,H7
B637,H7
B638,H7
B639,H7
B640,H7
B641,H7
B642,H7
B643,H7
B644,H7
B645,H7
B646,H7
B647,H7
B648,H7
B649,H7
B650,H7
B651,H7
B652,H7
B653,H7
B654,H7
B655,H7
B656,H7
B657,H7
B658,H7
B659,H7
B660,H7
B661,H7
B662,H7
B663,H7
B664,H7
B665,H7
B666,H7
B667,H7
B668,H7
B669,H7
B670,H7
B671,H7
B672,H7
B673,H8
B674,H8
B675,H8
B676,H8
B677,H8
B678,H8
B679,H8
B680,H8
B681,H8
B682,H8
B683,H8
B684,H8
B685,H8
B686,H8
B687,H8
B688,H8
B689,H8
B690,H8
B691,H8
B692,H8
B693,H8
B694,H8
B695,H8
B696,H8
B697,H8
B698,H8
B699,H8
B700,H8
B701,H8
B702,H8
B703,H8
B704,H8
B705,H8
B706,H8
B707,H8
B708,H8
B709,H8
B710,H8
B711,H8
B712,H8
B713,H8
B714,H8
B715,H8
B716,H8
B717,H8
B718,H8
B719,H8
B720,H8
B721,H8
B722,H8
B723,H8
B724,H8
B725,H8
B726,H8
B727,H8
B728,H8
B729,H8
B730,H8
B731,H8
B732,H8
B733,H8
B734,H8
B735,H8
B736,H8
B737,H8
B738,H8
B739,H8
B740,H8
B741,H8
B742,H8
B743,H8
B744,H8
B745,H8
B746,H8
B747,H8
B748,H8
B749,H8
B750,H8
B751,H8
B752,H8
B753,H8
B754,H8
B755,H8
B756,H8
B757,H8
B758,H8
B759,H8
B760,H8
B761,H8
B762,H8
B763,H8
B764,H8
B765,H8
B766,H8
B767,H8
B768,H8
B769,H9
B770,H9
B771,H9
B772,H9
B773,H9
B774,H9
B775,H9
B776,H9
B777,H9
B778,H9
B779,H9
B780,H9
B781,H9
B782,H9
B783,H9
B784,H9
B785,H9
B786,H9
B787,H9
B788,H9
B789,H9
B790,H9
B791,H9
B792,H9
B793,H9
B794,H9
B795,H9
B796,H9
B797,H9
B798,H9
B799,H9
B800,H9
B801,H9
B802,H9
B803,H9
B804,H9
B805,H9
B806,H9
B807,H9
B808,H9
B809,H9
B810,H9
B811,H9
B812,H9
B813,H9
B814,H9
B815,H9
B816,H9
B817,H9
B818,H9
B819,H9
B820,H9
B821,H9
B822,H9
B823,H9
B824,H9
B825,H9
B826,H9
B827,H9
B828,H9
B829,H9
B830,H9
B831,H9
B832,H9
B833,H9
B834,H9
B835,H9
B836,H9
B837,H9
B838,H9
B839,H9
B840,H9
B841,H9
B842,H9
B843,H9
B844,H9
B845,H9
B846,H9
B847,H9
B848,H9
B849,H9
B850,H9
B851,H9
B852,H9
B853,H9
B854,H9
B855,H9
B856,H9
B857,H9
B858,H9
B859,H9
B860,H9
B861,H9
B862,H9
B863,H9
B864,H9
B865,H10
B866,H10
B867,H10
B868,H10
B869,H10
B870,H10
B871,H10
B872,H10
B873,H10
B874,H10
B875,H10
B876,H10
B877,H10
B878,H10
B879,H10
B880,H10
B881,H10
B882,H10
B883,H10
B884,H10
B885,H10
B886,H10
B887,H10
B888,H10
B889,H10
B890,H10
B891,H10
B892,H10
B893,H10
B894,H10
B895,H10
B896,H10
B897,H10
B898,H10
B899,H10
B900,H10
B901,H10
B902,H10
B903,H10
B904,H10
B905,H10
B906,H10
B907,H10
B908,H10
B909,H10
B910,H10
B911,H10
B912,H10
B913,H10
B914,H10
B915,H10
B916,H10
B917,H10
B918,H10
B919,H10
B920,H10
B921,H10
B922,H10
B923,H10
B924,H10
B925,H10
B926,H10
B927,H10
B928,H10
B929,H10
B930,H10
B931,H10
B932,H10
B933,H10
B934,H10
B935,H10
B936,H10
B937,H10
B938,H10
B939,H10
B940,H10
B941,H10
B942,H10
B943,H10
B944,H10
B945,H10
B946,H10
B947,H10
B948,H10
B949,H10
B950,H10
B951,H10
B952,H10
B953,H10
B954,H10
B955,H10
B956,H10
B957,H10
B958,H10
B959,H10
B960,H10
